-- phpMyAdmin SQL Dump
-- version 5.1.1
-- https://www.phpmyadmin.net/
--
-- Host: 127.0.0.1
-- Waktu pembuatan: 28 Nov 2022 pada 05.53
-- Versi server: 10.4.21-MariaDB
-- Versi PHP: 7.4.25

SET SQL_MODE = "NO_AUTO_VALUE_ON_ZERO";
START TRANSACTION;
SET time_zone = "+00:00";


/*!40101 SET @OLD_CHARACTER_SET_CLIENT=@@CHARACTER_SET_CLIENT */;
/*!40101 SET @OLD_CHARACTER_SET_RESULTS=@@CHARACTER_SET_RESULTS */;
/*!40101 SET @OLD_COLLATION_CONNECTION=@@COLLATION_CONNECTION */;
/*!40101 SET NAMES utf8mb4 */;

--
-- Database: `ahp`
--

-- --------------------------------------------------------

--
-- Struktur dari tabel `alternatif`
--

CREATE TABLE `alternatif` (
  `id` int(11) NOT NULL,
  `nama` varchar(50) NOT NULL
) ENGINE=MyISAM DEFAULT CHARSET=latin1;

--
-- Dumping data untuk tabel `alternatif`
--

INSERT INTO `alternatif` (`id`, `nama`) VALUES
(19, 'Charles & Keith'),
(20, 'Elizabeth'),
(21, 'Sophie Martin');

-- --------------------------------------------------------

--
-- Struktur dari tabel `ir`
--

CREATE TABLE `ir` (
  `jumlah` int(11) NOT NULL,
  `nilai` float NOT NULL
) ENGINE=MyISAM DEFAULT CHARSET=latin1;

--
-- Dumping data untuk tabel `ir`
--

INSERT INTO `ir` (`jumlah`, `nilai`) VALUES
(1, 0),
(2, 0),
(3, 0.58),
(4, 0.9),
(5, 1.12),
(6, 1.24),
(7, 1.32),
(8, 1.41),
(9, 1.45),
(10, 1.49),
(11, 1.51),
(12, 1.48),
(13, 1.56),
(14, 1.57),
(15, 1.59);

-- --------------------------------------------------------

--
-- Struktur dari tabel `kriteria`
--

CREATE TABLE `kriteria` (
  `id` int(11) NOT NULL,
  `nama` varchar(20) NOT NULL
) ENGINE=MyISAM DEFAULT CHARSET=latin1;

--
-- Dumping data untuk tabel `kriteria`
--

INSERT INTO `kriteria` (`id`, `nama`) VALUES
(34, 'Kualitas'),
(33, 'Model'),
(32, 'Harga');

-- --------------------------------------------------------

--
-- Struktur dari tabel `perbandingan_alternatif`
--

CREATE TABLE `perbandingan_alternatif` (
  `id` int(11) NOT NULL,
  `alternatif1` int(11) NOT NULL,
  `alternatif2` int(11) NOT NULL,
  `pembanding` int(11) NOT NULL,
  `nilai` float NOT NULL
) ENGINE=MyISAM DEFAULT CHARSET=latin1;

--
-- Dumping data untuk tabel `perbandingan_alternatif`
--

INSERT INTO `perbandingan_alternatif` (`id`, `alternatif1`, `alternatif2`, `pembanding`, `nilai`) VALUES
(48, 20, 21, 34, 2),
(47, 19, 21, 34, 3),
(46, 19, 20, 34, 2),
(45, 20, 21, 33, 2),
(44, 19, 21, 33, 4),
(43, 19, 20, 33, 3),
(42, 20, 21, 32, 2),
(41, 19, 21, 32, 5),
(40, 19, 20, 32, 3);

-- --------------------------------------------------------

--
-- Struktur dari tabel `perbandingan_kriteria`
--

CREATE TABLE `perbandingan_kriteria` (
  `id` int(11) NOT NULL,
  `kriteria1` int(11) NOT NULL,
  `kriteria2` int(11) NOT NULL,
  `nilai` float NOT NULL
) ENGINE=MyISAM DEFAULT CHARSET=latin1;

--
-- Dumping data untuk tabel `perbandingan_kriteria`
--

INSERT INTO `perbandingan_kriteria` (`id`, `kriteria1`, `kriteria2`, `nilai`) VALUES
(15, 33, 34, 3.00003),
(14, 32, 34, 0.5),
(13, 32, 33, 0.25);

-- --------------------------------------------------------

--
-- Struktur dari tabel `pv_alternatif`
--

CREATE TABLE `pv_alternatif` (
  `id` int(11) NOT NULL,
  `id_alternatif` int(11) NOT NULL,
  `id_kriteria` int(11) NOT NULL,
  `nilai` float NOT NULL
) ENGINE=MyISAM DEFAULT CHARSET=latin1;

--
-- Dumping data untuk tabel `pv_alternatif`
--

INSERT INTO `pv_alternatif` (`id`, `id_alternatif`, `id_kriteria`, `nilai`) VALUES
(63, 20, 34, 0.297258),
(62, 19, 34, 0.538961),
(61, 21, 33, 0.137288),
(64, 21, 34, 0.163781),
(60, 20, 33, 0.239488),
(59, 19, 33, 0.623225),
(58, 21, 32, 0.122182),
(57, 20, 32, 0.229871),
(56, 19, 32, 0.647947);

-- --------------------------------------------------------

--
-- Struktur dari tabel `pv_kriteria`
--

CREATE TABLE `pv_kriteria` (
  `id_kriteria` int(11) NOT NULL,
  `nilai` float NOT NULL
) ENGINE=MyISAM DEFAULT CHARSET=latin1;

--
-- Dumping data untuk tabel `pv_kriteria`
--

INSERT INTO `pv_kriteria` (`id_kriteria`, `nilai`) VALUES
(34, 0.239487),
(33, 0.623226),
(32, 0.137288);

-- --------------------------------------------------------

--
-- Struktur dari tabel `ranking`
--

CREATE TABLE `ranking` (
  `id_alternatif` int(11) NOT NULL,
  `nilai` float NOT NULL
) ENGINE=MyISAM DEFAULT CHARSET=latin1;

--
-- Dumping data untuk tabel `ranking`
--

INSERT INTO `ranking` (`id_alternatif`, `nilai`) VALUES
(19, 0.60644),
(20, 0.252003),
(21, 0.141559);

--
-- Indexes for dumped tables
--

--
-- Indeks untuk tabel `alternatif`
--
ALTER TABLE `alternatif`
  ADD PRIMARY KEY (`id`);

--
-- Indeks untuk tabel `ir`
--
ALTER TABLE `ir`
  ADD PRIMARY KEY (`jumlah`);

--
-- Indeks untuk tabel `kriteria`
--
ALTER TABLE `kriteria`
  ADD PRIMARY KEY (`id`);

--
-- Indeks untuk tabel `perbandingan_alternatif`
--
ALTER TABLE `perbandingan_alternatif`
  ADD PRIMARY KEY (`id`);

--
-- Indeks untuk tabel `perbandingan_kriteria`
--
ALTER TABLE `perbandingan_kriteria`
  ADD PRIMARY KEY (`id`);

--
-- Indeks untuk tabel `pv_alternatif`
--
ALTER TABLE `pv_alternatif`
  ADD PRIMARY KEY (`id`);

--
-- Indeks untuk tabel `pv_kriteria`
--
ALTER TABLE `pv_kriteria`
  ADD PRIMARY KEY (`id_kriteria`);

--
-- Indeks untuk tabel `ranking`
--
ALTER TABLE `ranking`
  ADD PRIMARY KEY (`id_alternatif`);

--
-- AUTO_INCREMENT untuk tabel yang dibuang
--

--
-- AUTO_INCREMENT untuk tabel `alternatif`
--
ALTER TABLE `alternatif`
  MODIFY `id` int(11) NOT NULL AUTO_INCREMENT, AUTO_INCREMENT=26;

--
-- AUTO_INCREMENT untuk tabel `kriteria`
--
ALTER TABLE `kriteria`
  MODIFY `id` int(11) NOT NULL AUTO_INCREMENT, AUTO_INCREMENT=37;

--
-- AUTO_INCREMENT untuk tabel `perbandingan_alternatif`
--
ALTER TABLE `perbandingan_alternatif`
  MODIFY `id` int(11) NOT NULL AUTO_INCREMENT, AUTO_INCREMENT=49;

--
-- AUTO_INCREMENT untuk tabel `perbandingan_kriteria`
--
ALTER TABLE `perbandingan_kriteria`
  MODIFY `id` int(11) NOT NULL AUTO_INCREMENT, AUTO_INCREMENT=16;

--
-- AUTO_INCREMENT untuk tabel `pv_alternatif`
--
ALTER TABLE `pv_alternatif`
  MODIFY `id` int(11) NOT NULL AUTO_INCREMENT, AUTO_INCREMENT=65;
COMMIT;

/*!40101 SET CHARACTER_SET_CLIENT=@OLD_CHARACTER_SET_CLIENT */;
/*!40101 SET CHARACTER_SET_RESULTS=@OLD_CHARACTER_SET_RESULTS */;
/*!40101 SET COLLATION_CONNECTION=@OLD_COLLATION_CONNECTION */;
